Country,Year,pop_n,pop_u,wat_bas_n,wat_lim_n,wat_unimp_n,wat_sur_n,wat_bas_r,wat_lim_r,wat_unimp_r,wat_sur_r,wat_bas_u,wat_lim_u,wat_unimp_u,wat_sur_u,Population_Density,Birth_Rate,Child_Mortality
Greece,2015,10659.7373,78.04600525,100.0000046,0.0,0.0,0.0,100.0,0.0,0.0,0.0,100.0,0.0,0.0,0,83.947889837083,8.5,4.3698
Andorra,2020,77.26499939,87.91600037,100.0000037,0.0,0.0,0.0,100.0,0.0,0.0,0.0,100.0,0.0,0.0,0,165.31914893617,,2.8483
Finland,2020,5540.717773,85.51700592,100.0000033,0.0,0.0,0.0,100.0,0.0,0.0,0.0,100.0,0.0,0.0,0,18.1928768835954,8.4,2.224
Switzerland,2020,8654.618164,73.91500092,100.0000028,0.0,0.0,0.0,100.0,0.0,0.0,0.0,100.0,0.0,0.0,0,218.63446962171,9.9,3.9078
Germany,2015,81787.41406,77.20000458,100.0000024,0.0,0.0,0.0,100.0,0.0,0.0,0.0,100.0,0.0,0.0,0,234.152986871524,9.0,3.9343
Iceland,2015,330.2369995,93.69999695,100.0000023,0.0,0.0,0.0,100.0,0.0,0.0,0.0,100.0,0.0,0.0,0,3.29990024937656,12.5,2.6365
Greece,2020,10423.05566,79.71500397,100.0000023,0.0,0.0,0.0,100.0,0.0,0.0,0.0,100.0,0.0,0.0,0,82.999216446858,7.9,3.8682
Germany,2020,83783.94531,77.45300293,100.0000023,0.0,0.0,0.0,100.0,0.0,0.0,0.0,100.0,0.0,0.0,0,238.017318755545,9.3,3.6487
Israel,2015,7978.496094,92.17900085,100.0000015,0.0,0.0,0.0,100.0,0.0,0.0,0.0,100.0,0.0,0.0,0,387.250462107209,21.3,3.9327
United Kingdom,2015,65860.14844,82.62599945,100.0000015,0.0,0.0,0.0,100.0,0.0,0.0,0.0,100.0,0.0,0.0,0,269.153139337825,11.9,4.4745
New Zealand,2020,4822.23291,86.6989975,100.0000013,0.0,0.0,0.0,100.0,0.0,0.0,0.0,100.0,0.0,0.0,0,19.3315863430937,11.32,4.8258
Norway,2015,5199.827148,81.09099579,100.0000012,0.0,0.0,0.0,100.0,0.0,0.0,0.0,100.0,0.0,0.0,0,14.2079384825517,11.3,2.7161
Denmark,2020,5792.203125,88.11600494,100.0000011,0.0,0.0,0.0,100.0,0.0,0.0,0.0,100.0,0.0,0.0,0,145.7851,10.4,3.6787
Malta,2020,441.5390015,94.7440033,100.0000004,0.0,0.0,0.0,100.0,0.0,0.0,0.0,100.0,0.0,0.0,0,1610.4125,8.6,5.9837
Nauru,2015,10.3739996,100.0,100.0,0.0,0.0,0.0,,,,,100.0,0.0,0.0,0,559.25,31.856,33.3006
Nauru,2020,10.83399963,100.0,100.0,0.0,0.0,0.0,,,,,100.0,0.0,0.0,0,615.75,28.364,28.578
Tuvalu,2015,11.09899998,59.72999954,100.0,0.0,0.0,0.0,100.0,0.0,0.0,0.0,100.0,0.0,0.0,0,362.566666666667,22.359,26.1029
Tuvalu,2020,11.79199982,64.01399994,100.0,0.0,0.0,0.0,100.0,0.0,0.0,0.0,100.0,0.0,0.0,0,368.966666666667,23.632,21.9277
Monaco,2015,37.72299957,100.0,100.0,0.0,0.0,0.0,,,,,100.0,0.0,0.0,0,18135.1751356685,8.1,3.5208
Monaco,2020,39.24399948,100.0,100.0,0.0,0.0,0.0,,,,,100.0,0.0,0.0,0,18215.0962012827,,3.0161
Malta,2015,433.5589905,94.41400146,100.0,0.0,0.0,0.0,100.0,0.0,0.0,0.0,100.0,0.0,0.0,0,1390.790625,9.7,6.5967
Singapore,2015,5592.143066,100.0,100.0,0.0,0.0,0.0,,,,,100.0,0.0,0.0,0,7806.77291960508,9.7,2.7386
Singapore,2020,5850.342773,100.0,100.0,0.0,0.0,0.0,,,,,100.0,0.0,0.0,0,7918.95125348189,8.5,2.234
Turkmenistan,2020,6031.187012,52.51600266,100.0,0.0,0.0,0.0,100.0,0.0,0.0,0.0,100.0,0.0,0.0,0,13.3007852233311,22.294,42.2162
Switzerland,2015,8296.775391,73.71800232,100.0,0.0,0.0,0.0,100.0,0.0,0.0,0.0,100.0,0.0,0.0,0,209.626620751132,10.5,4.2901
Israel,2020,8655.541016,92.58699799,100.0,0.0,0.0,0.0,100.0,0.0,0.0,0.0,100.0,0.0,0.0,0,425.836414048059,19.2,3.4435
Austria,2015,8678.666992,57.71500015,100.0,0.0,0.0,0.0,100.0,0.0,0.0,0.0,100.0,0.0,0.0,0,104.734597673291,9.8,3.6707
Austria,2020,9006.400391,58.7480011,100.0,0.0,0.0,0.0,100.0,0.0,0.0,0.0,100.0,0.0,0.0,0,108.057004362579,9.4,3.623
Romania,2020,19237.68164,54.19400024,100.0,0.0,0.0,0.0,100.0,0.0,0.0,0.0,100.0,0.0,0.0,0,83.7328320584145,10.3,6.6969
Romania,2015,19925.18164,53.88699722,100.0,0.0,0.0,0.0,100.0,0.0,0.0,0.0,100.0,0.0,0.0,0,86.1248956884562,10.2,9.2179
France,2015,64453.19531,79.65499878,100.0,0.0,0.0,0.0,100.0,0.0,0.0,0.0,100.0,0.0,0.0,0,121.536702115031,12.0,4.1597
Thailand,2020,69799.97656,51.43000031,100.0,0.0,0.0,0.0,100.0,0.0,0.0,0.0,100.0,0.0,0.0,0,139.90421421441,9.182,8.6284
Netherlands,2020,17134.87305,92.23600006,99.99999929,0.0,7.12408621e-07,0.0,100.0,0.0,0.0,0.0,100.0,0.0,0.0,0,518.013068013068,9.7,4.0549
Chile,2020,19116.20898,87.72699738,99.99999872,0.0,1.277139333e-06,0.0,100.0,0.0,0.0,0.0,100.0,0.0,0.0,0,25.9576117773008,11.834,6.8532
Netherlands,2015,16938.49219,90.17299652,99.99999856,0.0,1.441336238e-06,0.0,100.0,0.0,0.0,0.0,100.0,0.0,0.0,0,503.116216216216,10.1,4.063
United Kingdom,2020,67886.00781,83.90299988,99.99999856,0.0,1.43853282e-06,0.0,100.0,0.0,0.0,0.0,100.0,0.0,0.0,0,277.27538544207,10.1,4.2607
France,2020,65273.51172,80.97499847,99.9999985,0.0,1.49610841e-06,0.0,100.0,0.0,0.0,0.0,100.0,0.0,0.0,0,123.404699419421,10.9,4.3681
Denmark,2015,5688.694824,87.52600098,99.99999785,0.0,2.145840412e-06,0.0,100.0,0.0,0.0,0.0,100.0,0.0,0.0,0,142.087075,10.2,4.0771
Belgium,2015,11287.93066,97.87599945,99.9999977,0.0,2.298024512e-06,0.0,100.0,0.0,0.0,0.0,100.0,0.0,0.0,0,372.33143989432,10.8,4.0785
Andorra,2015,77.99299622,88.34499359,99.99999755,0.0,2.445538357e-06,0.0,100.0,0.0,0.0,0.0,100.0,0.0,0.0,0,152.651063829787,,3.5254
Hungary,2020,9660.349609,71.94200134,99.99999747,0.0,2.527244192e-06,0.0,100.0,0.0,0.0,0.0,100.0,0.0,0.0,0,106.839239535393,9.6,4.0488
New Zealand,2015,4614.526855,86.34099579,99.99999735,0.0,2.645348403e-06,0.0,100.0,0.0,0.0,0.0,100.0,0.0,0.0,0,17.5056017621815,13.23,5.5049
Iceland,2020,341.25,93.897995,99.99999721,0.0,2.794650015e-06,0.0,100.0,0.0,0.0,0.0,100.0,0.0,0.0,0,3.63446394922146,12.3,2.6658
Finland,2015,5481.12793,85.22499847,99.99999666,0.0,3.34065308e-06,0.0,100.0,0.0,0.0,0.0,100.0,0.0,0.0,0,18.0301108880919,10.1,2.4871
Belgium,2020,11589.61621,98.07899475,99.99999645,0.0,3.554796791e-06,0.0,100.0,0.0,0.0,0.0,100.0,0.0,0.0,0,381.063540290621,9.9,4.1138
Norway,2020,5421.242188,82.97399139,99.9999955,0.0,4.503407453e-06,0.0,100.0,0.0,0.0,0.0,100.0,0.0,0.0,0,14.7672152298338,9.8,2.2591
Armenia,2020,2963.233887,63.31299973,99.97118069,0.0,0.02881930801,0.0,100.0,0.0,0.0,0.0,99.95448122,0.0,0.04551878364,0,98.5461187214612,12.455,11.2623
Hungary,2015,9777.924805,70.5,99.97052896,0.0,0.0294710394,0.0,99.90008972,0.0,0.09991028479,0.0,100.0,0.0,0.0,0,107.85698005698,9.4,5.0625
Australia,2015,23932.49805,85.70100403,99.97000567,0.0,0.02999433057,0.0,100.0,0.0,0.0,0.0,99.965,0.0,0.035,0,3.10011259648803,12.9,3.8723
Australia,2020,25499.88086,86.24099731,99.96981182,0.0,0.03018817873,0.0,100.0,0.0,0.0,0.0,99.965,0.0,0.035,0,3.33452695130798,11.5,3.7397
Poland,2020,37846.60547,60.04300308,99.96659155,0.0,0.03340844529,0.0,100.0,0.0,0.0,0.0,99.94435484,0.0,0.05564516129,0,123.800574919152,9.4,4.3554
Spain,2015,46671.91797,79.60199738,99.92672046,0.0,0.07327954441,0.0,100.0,0.0,0.0,0.0,99.90794521,0.0,0.09205479452,0,92.9526859210545,9.0,3.3161
Spain,2020,46754.78125,80.80999756,99.92561261,0.0,0.07438739142,0.0,100.0,0.0,0.0,0.0,99.90794521,0.0,0.09205479452,0,94.815383748924,7.2,3.1129
Luxembourg,2015,566.7410278,90.17900085,99.92517066,0.0,0.07482934002,0.0,99.23809524,0.0,0.7619047619,0.0,100.0,0.0,0.0,0,221.251835336342,10.7,2.7749
Portugal,2020,10196.70703,66.30999756,99.91199367,0.0,0.08800633369,0.0,99.73877609,0.0,0.2612239122,0.0,100.0,0.0,0.0,0,112.406676011074,8.2,3.278
Portugal,2015,10368.3457,63.51399994,99.90468984,0.0,0.095310157,0.0,99.73877609,0.0,0.2612239122,0.0,100.0,0.0,0.0,0,113.072519583956,8.3,3.6506
Brunei Darussalam,2020,437.4830017,78.25000763,99.9000368,0.0,0.09996320036,0.0,,,,,99.65,0.0,0.35,0,83.8187855787476,14.165,11.5018
Luxembourg,2020,625.9760132,91.4529953,99.87993254,0.0,0.1200674649,0.0,98.5952381,0.0,1.404761905,0.0,100.0,0.0,0.0,0,244.874264894386,10.2,2.7809
Mauritius,2015,1259.457031,41.0,99.86648182,0.0,0.1335181809,0.0,99.82768234,0.0,0.1723176618,0.0,99.92231522,0.0,0.07768478119,0,632.388082123185,10.1,14.6004
Mauritius,2020,1271.766968,40.75999832,99.8662547,0.0,0.1337453014,0.0,99.82768234,0.0,0.1723176618,0.0,99.92231522,0.0,0.07768478119,0,633.957936905358,10.6,16.3296
Sweden,2020,10099.26953,87.97699738,99.82686763,0.0,0.1731323735,0.0,99.71937474,0.0,0.2806252626,0.0,99.84155768,0.0,0.1584423157,0,25.4207233696844,10.9,2.5459
Costa Rica,2020,5094.11377,80.77099609,99.81053693,0.1894594746,3.594451897e-06,0.0,99.64625,0.35375,0.0,0.0,99.84965286,0.1503471429,0.0,0,100.33499804152,12.152,7.9247
Cyprus,2015,1160.987061,66.94599915,99.78851757,0.0,0.2114824349,0.0,99.86118554,0.0,0.1388144553,0.0,99.75264231,0.0,0.2473576943,0,128.493506493506,11.208,2.7872
Slovakia,2020,5459.643066,53.75999832,99.78769858,0.2123014241,0.0,0.0,100.0,0.0,0.0,0.0,99.60509406,0.3949059374,0.0,0,,,5.7301
Slovakia,2015,5435.61377,53.88899994,99.78718913,0.2128108674,0.0,0.0,100.0,0.0,0.0,0.0,99.60509406,0.3949059374,0.0,0,,,6.2456
Sweden,2015,9764.949219,86.5530014,99.78123103,0.0,0.2187689729,0.0,99.54998653,0.0,0.4500134657,0.0,99.81716039,0.0,0.1828396148,0,24.0582617728817,11.7,2.8715
Cyprus,2020,1207.360962,66.82099915,99.76517318,0.0,0.2348268167,0.0,99.84576172,0.0,0.1542382836,0.0,99.72515812,0.0,0.2748418825,0,133.932575757576,10.583,2.8047
Estonia,2015,1315.329956,68.41600037,99.75130757,0.0,0.2486924289,0.0,99.24411581,0.0,0.7558841903,0.0,99.98545421,0.0,0.01454579307,0,30.26011042098,10.6,3.114
Mexico,2020,128932.75,80.73099518,99.67956828,0.0,0.3204317169,0.0,98.33706893,0.0,1.662931067,0.0,100.0,0.0,0.0,0,64.8156084261426,15.565,13.7052
Palau,2020,18.09199905,80.98799896,99.6575455,0.0,0.3424544984,0.0,99.75698503,0.0,0.2430149677,0.0,99.63420199,0.0,0.3657980078,0,39.0695652173913,12.1,16.8136
Palau,2015,17.66500092,78.15899658,99.63015085,0.0,0.3698491499,0.0,99.61387148,0.0,0.3861285173,0.0,99.63470173,0.0,0.3652982706,0,38.6826086956522,13.7,19.7431
Paraguay,2020,7132.529785,62.18299484,99.59346633,0.4065302439,3.4229177e-06,0.0,99.11122753,0.8887724684,0.0,0.0,99.88674854,0.1132514643,0.0,0,16.6591870123332,20.946,18.7417
Estonia,2020,1326.53894,69.22900391,99.59078178,0.0,0.4092182232,0.0,,,,,99.98545421,0.0,0.01454579307,0,31.0999298245614,9.9,2.1323
Armenia,2015,2925.559082,63.0850029,99.5525667,0.0,0.09850508366,0.3489282205,99.05477927,0.0,0.0,0.9452207347,99.8438534,0.0,0.1561465981,0,101.109764664559,14.641,14.4079
Maldives,2020,540.5419922,40.66899872,99.5444386,0.0480506913,0.407510705,0.0,99.9190125,0.0809875,0.0,0.0,98.99798893,0.0,1.002011069,0,1714.79333333333,14.576,6.4225
Brunei Darussalam,2015,414.9140015,76.66299438,99.50997616,0.0,0.3966758338,0.09334800295,99.05,0.0,0.55,0.4,99.65,0.0,0.35,0,79.9690702087287,16.546,10.591
Chile,2015,17969.35547,87.36000061,99.50649272,0.0,0.4935072758,0.0,97.0676985,0.0,2.932301498,0.0,99.85935698,0.0,0.1406430186,0,24.03410209648,13.211,7.9592
Uruguay,2020,3473.727051,95.51499939,99.49575756,0.5042424412,0.0,0.0,95.30083,4.69917,0.0,0.0,99.69273444,0.3072655617,0.0,0,19.5925379956576,10.339,6.2845
Egypt,2020,102334.4063,42.78300095,99.44017596,0.2376091086,0.3222149265,0.0,99.33283515,0.3359418224,0.3312230319,0.0,99.5837311,0.1061012067,0.3101676943,0,,,19.5844
Costa Rica,2015,4847.805176,76.86199951,99.37868682,0.2541303784,0.2113350186,0.1558477843,98.18603249,0.4100611535,0.7303485768,0.6735577778,99.73771511,0.2071900718,0.0550948183,0,95.8723462593028,14.522,9.0799
Brazil,2020,212559.4063,87.07299805,99.32085299,0.1265490039,0.5525980099,,95.94525953,0.9789509154,3.075789551,,99.82200131,0.0,0.1779986949,0,25.5076253807665,13.078,14.6955
Thailand,2015,68714.51563,47.69400406,99.25917058,0.2176525852,0.1822513237,0.3409255143,98.87951671,0.2456716052,0.2230211905,0.65179049,99.67553684,0.1869241354,0.1375390245,0,137.592039382254,10.607,10.7905
Poland,2015,38034.07422,60.27799606,99.23206988,0.0,0.7679301246,0.0,98.53790323,0.0,1.462096774,0.0,99.68951613,0.0,0.310483871,0,124.061569613639,9.7,4.8906
Canada,2015,36026.66797,81.25900269,99.22922139,0.0,0.7707786091,0.0,98.81619508,0.0,1.183804922,0.0,99.32447885,0.0,0.6755211473,0,3.98239245827659,10.7,5.3854
Canada,2020,37742.15625,81.56200409,99.22181066,0.0,0.7781893369,0.0,99.0604959,0.0,0.9395041006,0.0,99.25827766,0.0,0.7417223371,0,4.24162135453439,9.5,5.1144
Bulgaria,2015,7199.73877,73.98999786,99.19632731,0.0,0.8036726905,0.0,98.01614034,0.0,1.98385966,0.0,99.61120772,0.0,0.3887922761,0,66.1200350036846,9.2,8.1321
Uruguay,2015,3412.012939,95.04499817,99.13139756,0.5381047353,0.307497473,0.02300023019,91.49584384,4.511550681,3.528423211,0.464182271,99.52946198,0.3309562908,0.139581727,0,19.4424522911667,14.216,8.9092
Egypt,2015,92442.54688,42.78499985,99.10671754,0.2863725401,0.5934398293,0.01347009398,98.80187792,0.4103462964,0.7642328381,0.02354294118,99.51436973,0.1205864308,0.3650438422,0,,,23.423
Bulgaria,2020,6948.444824,75.68599701,99.01141694,0.0,0.9885830607,0.0,97.40128797,0.0,2.598712031,0.0,99.5286704,0.0,0.4713296007,0,63.8726510685335,8.5,6.4784
Jordan,2015,9266.573242,90.25600433,99.00678491,0.1524029836,0.7812311648,0.05958093834,97.36231539,0.6242725518,1.973552059,0.03986,99.18431682,0.1014601355,0.6525130437,0.06171,106.941270556432,24.441,17.5075
Argentina,2015,43075.41406,91.50299835,98.96658815,0.0,0.6649143791,0.3684974742,92.98366005,0.0,2.679544899,4.336795051,99.52216305,0.0,0.4778369473,0,15.7606327351655,17.346,11.5936
Jordan,2020,10203.13965,91.41799927,98.94030296,0.1462147369,0.8536474704,0.05983483179,97.31147869,0.6239465945,2.024714716,0.03986,99.09321259,0.1013669408,0.7437104707,0.06171,123.079498614771,22.265,15.0471
Montenegro,2020,628.0620117,67.48800659,98.85691652,0.5454788204,0.592312011,0.005292650894,98.16188754,0.0,1.821833386,0.01627906977,99.19173959,0.8082604128,0.0,0,46.1937546468401,11.4,2.4592
Maldives,2015,454.9140015,38.52899933,98.81424429,0.1121578799,1.073597835,0.0,98.87969927,0.1669852816,0.953315453,0.0,98.70980569,0.02468362233,1.265510688,0,1451.94,17.465,9.773
Latvia,2020,1886.202026,68.31500244,98.78260115,0.6823007424,0.5350981037,0.0,98.57922314,0.0,1.42077686,0.0,98.87692469,0.9987568151,0.1243184908,0,30.5391129680219,9.2,3.8172
Tonga,2020,105.6969986,23.09899902,98.73108083,0.8814972962,0.3874218777,0.0,98.46807854,1.103159706,0.4287617551,0.0,99.60665819,0.143540536,0.2498012758,0,146.186111111111,23.139,11.434
Tonga,2015,100.7799988,23.27499962,98.54970535,0.8789821223,0.5713125286,0.0,98.39304823,1.102319124,0.5046326475,0.0,99.06611056,0.142761567,0.7911278728,0,147.391666666667,25.171,12.3727
Latvia,2015,1997.675049,67.97999573,98.52511728,0.6787074231,0.7961752931,0.0,97.85471901,0.0,2.145280992,0.0,98.84089334,0.998392862,0.1607138001,0,31.7792437366417,11.1,5.0656
Belize,2020,397.6210022,46.02500153,98.40195463,1.249110629,0.3489347411,0.0,97.99520758,1.358317682,0.6464747393,0.0,98.87896,1.12104,0.0,0,17.3135028496274,17.881,11.7029
Iraq,2020,40222.50391,70.89299774,98.35990325,0.8921603495,2.427900808e-06,0.7479339713,94.83114678,2.599251339,0.0,2.569601877,99.80873103,0.19126897,0.0,0,98.0286551431836,27.732,25.3579
Mexico,2015,121858.25,79.28499603,98.02544354,0.0,1.412360964,0.5621954921,93.28669403,0.0,4.310938852,2.402367121,99.2635529,0.0,0.655038006,0.08140909465,61.8070922606034,17.968,16.2142
Lithuania,2020,2722.291016,68.04599762,98.01334724,0.0,1.98665276,0.0,93.78278023,0.0,6.217219771,0.0,100.0,0.0,0.0,0,44.6324656659214,9.0,3.504
Suriname,2020,586.6339722,66.14900208,97.98963167,1.067246941,0.3793365073,0.563784884,96.57441263,1.60029586,0.1598017947,1.66548972,98.71385387,0.7944652371,0.4916808925,0,3.89144230769231,18.279,17.7085
El Salvador,2020,6486.201172,73.44400024,97.94657541,0.2072632319,0.3151739969,1.530987366,93.45439508,0.7804762049,0.0,5.765128712,99.57087001,0.0,0.4291299944,0,303.703233590734,16.188,12.8444
Uzbekistan,2020,33469.19922,50.41599655,97.82878485,0.0,0.22384422,1.947370925,96.07258236,0.0,0.0,3.927417637,99.55600556,0.0,0.4439944434,0,77.6853511857483,24.6,14.7259
Brazil,2015,204471.7656,85.77000427,97.80356759,0.5795000229,0.4749657091,1.141966676,88.75602818,2.853773578,0.3651342381,8.025064008,99.30463102,0.2021779344,0.4931910454,0,24.5495056316357,14.727,15.9482
North Macedonia,2020,2083.379883,58.48199844,97.74281579,1.63499414,0.5742284762,0.04796159706,97.46871457,1.505202232,0.9105631982,0.11552,97.93740299,1.727136954,0.3354600563,0,73.5973037272006,9.2,5.9307
Bangladesh,2020,164689.3906,38.17700195,97.69796025,1.156425878,0.4626557002,0.6829581735,97.88023776,0.8581049804,0.3164802414,0.9451770151,97.40277797,1.639520121,0.6993752147,0.2583266934,1286.17155258508,18.053,28.7675
Turkmenistan,2015,5565.283203,50.31700134,97.65894431,0.9479150547,0.247750032,1.145390606,96.21978316,1.000954429,0.473864865,2.305397551,99.07997172,0.895543988,0.0244842949,0,12.2708296980401,26.071,42.4388
Tunisia,2020,11818.61816,69.56800079,97.54330899,1.63135067,0.8253403378,0.0,93.93623193,3.351687357,2.71208071,0.0,99.12119763,0.8788023684,0.0,0,78.2809152935118,16.628,16.6146
Uzbekistan,2015,30929.55664,50.75,97.52857826,0.0,0.0,2.471421736,95.64239155,0.0,0.0,4.357608451,99.35901562,0.0,0.0,0.6409843843,71.0369950068089,23.5,19.1876
Colombia,2020,50882.88281,81.42499542,97.49165711,0.1861521591,0.9536162228,1.368574512,86.76707282,0.7312282016,5.13386897,7.367830005,99.9381928,0.0618072,0.0,0,45.9041568273997,14.435,13.2514
Iran (Islamic Republic of),2020,83992.95313,75.87400055,97.48263633,1.938311229,0.5137973631,0.06525508185,93.82873538,4.297948765,1.602839669,0.2704761905,98.64448672,1.188006671,0.1675066077,0,,,13.0469
North Macedonia,2015,2079.334961,57.40799713,97.47233283,1.885991713,0.5924731745,0.04920227976,97.63323313,1.2224645,1.028782373,0.11552,97.35295808,2.37827419,0.2687677275,0,75.8298969072165,11.1,11.3503
Ireland,2020,4937.795898,63.65299988,97.39970651,0.0,2.600293485,0.0,98.13492075,0.0,1.865079247,0.0,96.97988603,0.0,3.020113966,0,72.3672811728843,11.2,3.2246
Montenegro,2015,626.9569702,65.80599976,97.39129537,1.68690191,0.8814458462,0.04035686954,95.96066218,1.539303155,2.38201141,0.1180232558,98.13467845,1.763596913,0.101724636,0,46.2571747211896,11.9,4.0738
Ireland,2015,4652.419922,62.5379982,97.37212799,0.0,2.627872008,0.0,98.01681619,0.0,1.983183812,0.0,96.98594181,0.0,3.014058189,0,68.2531136594571,13.9,3.6988
Georgia,2020,3989.175049,59.4529953,97.3481397,0.0,2.632761379,0.01909892327,94.2718842,0.0,5.703923618,0.02419218345,99.44615394,0.0,0.538220742,0.01562531586,65.1302704783232,12.966,9.5815
Bhutan,2020,771.6119995,42.31599808,97.31322263,2.460712607,0.1764242183,0.04964054142,96.73119365,3.268806351,0.0,0.0,98.10662849,1.3591415,0.4169208475,0.1173091586,20.2544834819088,12.65,27.5492
Belize,2015,360.9259949,45.40599823,97.17559498,1.227940493,1.568222535,0.02824198817,95.65383206,1.421919005,2.872517994,0.05173093576,99.00529,0.99471,0.0,0,15.7768960982025,21.709,15.3174
Bangladesh,2015,156256.2813,34.30800247,97.10160247,1.087988961,0.7215616582,1.08884691,96.77301128,1.046214162,0.7317473217,1.449027237,97.73077968,1.167978177,0.702058435,0.3991837074,1212.49135745563,19.158,37.9716
Malaysia,2020,32365.99805,77.15999603,97.09990707,0.3545396865,2.545553241,,90.19744812,0.5444513971,9.258100478,,99.14309591,0.2983242605,0.4685798319,0.09,101.05004717699,15.417,7.7239
Malaysia,2015,30270.96484,74.21299744,97.05220256,0.3630055004,2.584791939,,90.91830922,0.5488026714,8.532888105,,99.18356605,0.2984460363,0.427987911,0.09,94.5634850098919,17.101,8.1572
Cuba,2020,11326.61621,77.19400024,97.00269616,1.471384542,1.252811506,0.2731077963,94.38665114,2.591752445,1.905972935,1.115623477,97.77557664,1.1403859,1.059840374,0.02419708411,108.869922928709,9.344,5.115
Russian Federation,2020,145934.4531,74.75400543,96.99254807,0.6219963766,2.38545555,,91.54410196,1.583163513,6.872734531,,98.83259961,0.2973899687,0.6700104236,0.2,8.86891988517952,9.8,5.4137
Saint Lucia,2020,183.6289978,18.8409996,96.88784457,1.815652166,1.296503269,0.0,96.81402383,1.734152255,1.451823918,0.0,97.20582219,2.166718886,0.6274589237,0,,,24.4794
Viet Nam,2020,97338.58594,37.34000015,96.88435687,0.0,3.115643126,0.0,95.51453844,0.0,4.48546156,0.0,99.18304001,0.0,0.816959987,0,308.359102061392,15.4,20.8524
Paraguay,2015,6688.746094,60.75,96.83621453,0.328424003,2.756768199,0.07859326698,93.34470029,0.6976664397,5.757395646,0.2002376288,99.09204873,0.08985997117,0.818091301,0,15.5498363956708,22.428,22.1858
Iran (Islamic Republic of),2015,78492.21094,73.35800171,96.80698708,1.994891573,1.126061081,0.07206026561,92.16250265,4.221624781,3.345396383,0.2704761905,98.49376087,1.186191432,0.3200476961,0,,,15.5324
Dominican Republic,2020,10847.9043,82.54000092,96.68681192,0.4670386504,1.269428783,1.576720644,90.30446437,1.385315508,1.115118127,7.195101991,98.03689158,0.2727920359,1.302073396,0.3882429922,231.420841135259,18.78,33.7369
Lithuania,2015,2931.87207,67.22999573,96.60413858,0.0,3.395861422,0.0,90.71848441,0.0,9.281515589,0.0,99.47299035,0.0,0.5270096501,0,46.3672785315243,10.8,4.8829
Belarus,2020,9449.321289,79.48300171,96.53472608,3.37211955,0.09315436837,0.0,98.56412231,0.9955971951,0.4402804931,0.0,96.01087362,3.985572644,0.003553731977,0,46.211212927382,9.47,2.9124
Russian Federation,2015,144985.0625,74.04999542,96.52715543,0.6244865344,2.848358036,,90.11010901,1.558364042,8.331526946,,98.77593489,0.2972194631,0.726845642,0.2,8.8320122221157,13.3,8.2473
Belarus,2015,9439.423828,77.18099976,96.47706709,3.300130108,0.2228027995,0.0,98.3306716,0.9932391071,0.6760892895,0.0,95.92903518,3.982175393,0.08878942383,0,46.611337189252,12.5,4.0885
Colombia,2015,47520.66797,79.76399994,96.33586812,0.1840519904,1.703445062,1.776634827,83.27372585,0.6876656261,7.259032355,8.779576172,99.64971237,0.05628603022,0.2940016029,0,42.4693357368184,15.585,15.5962
Bhutan,2015,727.8850098,38.6780014,96.22142259,2.496596292,0.2961873751,0.9857937377,95.16436295,3.215858941,0.1935987005,1.426179411,97.89733678,1.356242032,0.4588364885,0.2875847035,19.4998032374006,17.152,33.1976
Bosnia and Herzegovina,2015,3429.362061,47.17299652,96.15984418,3.780069975,0.06008584857,0.0,97.33333333,2.666666667,0.0,0.0,94.8457044,5.026922206,0.1273733928,0,68.834453125,8.842,6.2623
Bosnia and Herzegovina,2020,3280.814941,49.02000046,96.11389762,3.823663938,0.06243843752,0.0,97.33333333,2.666666667,0.0,0.0,94.8457044,5.026922206,0.1273733928,0,64.81263671875,8.611,5.7497
Dominican Republic,2015,10281.6748,78.56600189,96.0993385,0.6952122155,1.550594498,1.654854791,89.21104378,1.822877161,2.441888623,6.52419044,97.97856981,0.3875681084,1.307435937,0.3264261435,215.397060649969,20.596,35.089
Azerbaijan,2020,10139.1748,56.39700317,96.04337613,1.04278118,2.913842688,0.0,90.92579795,2.391535671,6.682666377,0.0,100.0,0.0,0.0,0,122.124736829369,12.5,19.4278
Cuba,2015,11324.77734,76.89600372,95.87179647,1.750253789,1.99464,0.3833097362,90.44506066,3.362197131,4.747322467,1.445419738,97.50230137,1.2659329,1.167575187,0.06419054206,108.93269932757,10.972,5.6515
Georgia,2015,4024.179932,57.44799805,95.75472951,0.9519645583,3.239894931,0.0534109954,91.29515059,1.893756292,6.700216388,0.1108767321,99.05796545,0.2543750856,0.6768136054,0.01084585945,65.1750586094685,15.79,10.4954
Suriname,2015,559.1359863,66.05599976,95.74769217,0.8828013983,1.013834976,2.35567146,90.57961632,1.285032142,1.200506574,6.934844965,98.4033997,0.6761083333,0.9179065142,0.002585454545,3.68894230769231,19.127,20.4834
Honduras,2020,9904.608398,58.35899734,95.68922113,0.4256206085,3.885158264,0.0,89.87579955,0.8067095079,9.317490946,0.0,99.83728281,0.1537015262,0.009015663296,0,90.4617302708017,21.353,17.1365
Saint Lucia,2015,179.1309967,18.51499939,95.56809428,1.790210415,2.641695303,0.0,95.31226124,1.707252381,2.980486378,0.0,96.69403318,2.155311103,1.150655713,0,,,21.9459
El Salvador,2015,6325.121094,69.69999695,95.56213774,0.580479777,1.161950545,2.695431942,87.96121432,1.734743718,2.481033956,7.823008005,98.86641785,0.07869797757,0.5885128896,0.4663712861,300.727123552124,18.406,15.4067
Guyana,2020,786.559021,26.7859993,95.55480685,1.205244408,1.143069849,2.096878897,93.9284905,1.646193862,1.561274833,2.864040809,100.0,0.0,0.0,0,4.04979425958852,20.473,28.5283
Kazakhstan,2020,18776.70703,57.67100143,95.43497032,1.941425039,2.545956934,0.07764770471,91.93925234,1.862616064,6.014693049,0.1834385438,98.00073133,1.999268673,0.0,0,6.94731488683928,22.76,10.2207
Ecuador,2020,17643.06055,64.16600037,95.35976356,0.003451463449,2.604485389,2.032299589,87.05074495,0.009631811022,7.26819549,5.671427747,100.0,0.0,0.0,0,70.8189523272669,17.037,12.9286
Serbia,2020,8737.370117,56.44599915,95.29552932,4.244199279,0.4437204778,0.01655092647,95.84497475,3.545864028,0.5711602866,0.03800093141,94.87156989,4.783037865,0.3453922445,0,82.0445475086217,8.9,5.5814
Democratic People's Republic of Korea,2015,25183.83203,61.27700424,95.21488171,0.6850023901,3.829054918,0.2710609803,91.61696842,0.3679396322,7.315091944,0.7,97.48852402,0.8853650012,1.626110978,0,,,21.1
Guyana,2015,767.4329834,26.44099808,95.16185695,1.233247953,1.344803287,2.260091808,93.42276971,1.676542504,1.82819943,3.072488358,100.0,0.0,0.0,0,3.8355651511303,21.31,33.1117
Albania,2020,2877.800049,62.11199951,95.06803883,1.884656092,3.047305081,0.0,94.09135806,2.305264955,3.603376986,0.0,95.66380912,1.62808683,2.708104054,0,103.571131386861,10.285,9.4361
Kazakhstan,2015,17572.00977,57.19100189,95.02533441,1.812908425,2.904392652,0.2573645111,90.74749784,1.86677185,6.784537749,0.6011925556,98.22740979,1.772590206,0.0,0,6.49805756195133,22.71,11.8557
Tunisia,2015,11179.95117,68.05599976,94.8454551,2.900100393,2.179103077,0.07534142511,85.59067297,7.6364837,6.53698864,0.2358546907,99.18944794,0.6769453984,0.1336066664,0,74.3935311534501,19.119,17.1734
Algeria,2020,43851.04297,73.73300171,94.43732996,4.985880842,0.5318366638,0.04495253272,90.03753791,8.79672214,0.9946030281,0.1711369258,96.00473586,3.628288591,0.3669755478,0,18.2436570559099,22.431,22.8973
Panama,2020,4314.768066,68.41400146,94.37254436,1.873480592,2.262304247,1.491670799,86.32308326,1.791982583,7.162364342,4.722569811,98.08889267,1.911107333,0.0,0,57.8915610676732,17.919,14.3685
Fiji,2020,896.4439697,57.24700546,94.30106524,0.0,3.318602766,2.380331999,89.08802405,0.0,5.759897938,5.152078012,98.19424406,0.0,1.495409344,0.3103465922,50.3788724685276,19.628,27.4754
Fiji,2015,868.632019,54.72599792,94.26255867,0.0,3.419365936,2.318075395,89.37852739,0.0,5.829467811,4.792004795,98.30304467,0.0,1.425524712,0.2714306142,50.2025177887247,21.45,24.4834
China,2020,1463140.5,61.71308899,94.26111059,0.8147213297,4.725451938,0.1987161441,89.66123351,1.832679086,8.506087409,0.0,97.11488267,0.1831784927,2.37993884,0.322,150.305542803154,8.52,7.4388
Iraq,2015,35572.26953,69.92099762,94.2475933,1.056676215,1.737911036,2.95781945,84.76271011,2.830616935,2.77640479,9.630268161,98.3278526,0.2935526231,1.291166071,0.0874287017,86.9739178306859,31.593,29.762
Philippines,2020,109581.0859,47.40799713,94.10903456,2.856486137,3.034479307,0.0,91.06193322,3.959520428,4.978546347,0.0,97.4893325,1.632836465,0.877831036,0,376.265140691552,22.039,26.5034
Guatemala,2020,17915.56641,51.83599854,94.00642827,1.034150511,3.215911815,1.743509404,90.1193298,1.849169999,4.583438691,3.448061508,97.61816944,0.2768660057,1.94525887,0.1597056849,157.319270250093,21.816,23.7988
Ukraine,2020,43733.75781,69.60800171,93.92828195,5.671978717,0.07590450129,0.323834836,100.0,0.0,0.0,0.0,91.27727011,8.14845779,0.1090456533,0.4652264446,76.29919571971,7.8,8.3515
Syrian Arab Republic,2020,17500.65625,55.47500229,93.92585718,5.873730768,0.2004120542,0.0,92.082745,7.917255,0.0,0.0,95.40516436,4.233570117,0.361265525,0,113.122011653869,19.67,22.8091
South Africa,2020,59308.69141,67.35400391,93.88505744,2.772736186,1.410816657,1.931389712,83.32948118,6.977359359,3.776999287,5.916160173,99.00126484,0.734785403,0.2639497547,0,48.4728478513548,20.326,33.7423
Democratic People's Republic of Korea,2020,25778.81445,62.38100052,93.84384303,0.6831311872,5.20969278,0.2633330058,88.75362488,0.3564402606,10.18993486,0.7,96.91351044,0.8801428799,2.206346677,0,,,16.5
Ukraine,2015,44921.63672,69.06100464,93.65690669,5.630873723,0.4364563488,0.2757632395,98.84311161,0.0,0.944405312,0.2124830817,91.33350853,8.153478277,0.2089007556,0.3041124414,77.9701876434946,10.7,9.4483
Syrian Arab Republic,2015,17997.41016,52.16799927,93.50961148,5.968083628,0.5223048883,0.0,91.3857051,7.857323656,0.7569712439,0.0,95.45698719,4.235869737,0.3071430695,0,104.586276752165,20.233,41.8151
Algeria,2015,39728.01953,70.84799957,93.40956153,5.157780893,1.275464684,0.1571928913,88.35270686,8.685753121,2.580431801,0.3811082155,95.4903147,3.706117317,0.7385100851,0.06505789753,16.6026255583626,25.405,25.3046
Albania,2015,2890.523926,57.43399811,93.39432534,3.626383658,2.979291004,0.0,90.62727461,5.263172648,4.109552744,0.0,95.44506696,2.41331182,2.141621216,0,105.135145985401,11.718,9.5771
Bolivia (Plurinational State of),2020,11673.0293,70.1230011,93.39007163,0.1365905296,1.575010843,4.898326997,79.93664283,0.2447364082,3.954133693,15.86448707,99.12211832,0.09051328947,0.5613453808,0.2260230112,,,25.6272
Serbia,2015,8876.777344,55.69599915,93.3864573,6.112096052,0.4835436344,0.01790301579,94.72352905,4.600438201,0.6356232686,0.040409478,92.32286869,7.314561109,0.3625701971,0,81.1271781385776,9.3,6.3088
Viet Nam,2015,92677.07813,33.80900192,93.32806058,0.05207183785,6.163618036,0.4562495463,90.83306799,0.0,8.477639565,0.6892924429,98.21274352,0.1540176812,1.633238796,0,294.181235102096,16.787,21.8924
Honduras,2015,9112.904297,55.1649971,93.25441071,0.4317541067,6.022156156,0.2916790284,86.43707375,0.7758441046,12.14597638,0.6411057671,98.79516268,0.152097161,1.04505549,0.00768467364,83.0682366610064,22.751,20.5197
Peru,2020,32971.84766,78.2970047,93.13936621,0.8495593511,4.150468349,1.860606087,80.79943849,1.596943771,9.612691163,7.990926578,96.55984408,0.6423932356,2.636408693,0.1613539953,26.019340625,17.833,14.5382
Ecuador,2015,16212.02246,63.39799881,93.0637795,0.1997601763,3.119565114,3.616895212,82.55248195,0.445629255,7.379055031,9.62283376,99.1323392,0.0578108902,0.6604045069,0.1494454068,65.2113947495571,18.74,15.3653
Panama,2015,3968.48999,66.69599915,92.90436561,1.845644171,3.160016841,2.08997338,83.67957953,1.737106037,8.379298168,6.20401626,97.51067739,1.899841721,0.5538148391,0.03566604616,53.3877361036158,20.111,16.9301
Azerbaijan,2015,9622.741211,54.7140007,92.42031398,1.002242415,4.365089522,2.21235408,84.14321327,2.213139731,8.988206006,4.655440992,99.27115203,0.0,0.5386020345,0.1902459339,116.731076781631,17.2,26.2975
Indonesia,2020,273523.625,56.64099884,92.41534961,0.8554746335,5.553871666,1.175304087,85.66796238,1.17809123,10.61491462,2.539031772,97.58051207,0.6085098345,1.679615139,0.1313629588,144.796388212316,16.649,22.939
Sri Lanka,2020,21413.25,18.71299934,92.22757937,0.5954581495,5.348927064,1.82803542,90.5374357,0.7032099038,6.510488612,2.248865782,99.56938019,0.1273977901,0.3032220202,0,354.332363401229,14.235,7.0039
Botswana,2020,2351.625,70.8769989,92.21356307,4.72303897,1.732526476,1.330871481,79.04372386,15.15494718,1.596119156,4.20520981,97.62498058,0.4366200322,1.788579159,0.1498202281,4.49314841282445,24.195,36.3142
Oman,2020,5106.62207,86.27599335,92.16802469,7.541419893,0.2604052036,0.03015021745,76.25077991,21.63212113,1.897409218,0.2196897375,94.7,5.3,0.0,0,14.679802907916,18.791,10.3715
Guatemala,2015,16252.4248,49.97100067,92.13403385,0.9684517485,4.765261087,2.132253313,87.24275618,1.650901287,7.052091828,4.054250709,97.03098891,0.2852100796,2.475775984,0.2080250227,145.27266703994,25.834,28.3943
Philippines,2015,102113.2031,46.2840004,92.01770102,2.920429319,4.532138462,0.5297311944,88.20816233,3.825892542,7.111213037,0.8547320937,96.43895214,1.869572353,1.538931873,0.1525436393,345.545712177617,23.252,29.7757
South Africa,2015,55386.36719,64.82800293,91.87634387,2.803155965,2.078820804,3.241679359,79.03373853,6.61766745,5.131945818,9.216648202,98.84401345,0.7336182863,0.4223682597,0,46.061301304932,21.3,37.3435
Samoa,2020,198.4100037,17.88899994,91.83772455,6.520899952,1.418623428,0.2227520679,91.78032287,6.220703339,1.72769216,0.2712816327,92.10119,7.89881,0.0,0,77.3125899280575,27.622,17.1336
China,2015,1430405.375,55.85270691,91.76264123,0.8187626618,6.782077407,0.6365187008,84.47918792,1.51186307,12.95294901,1.056,97.51965397,0.2709198039,1.90447541,0.3049508197,146.977949259981,11.99,10.7131
Kyrgyzstan,2020,6524.190918,36.85599899,91.69930522,1.900734111,1.8656487,4.534311965,87.258429,2.606070485,2.954593684,7.180906832,99.30769231,0.6923076923,0.0,0,,,17.7636
Samoa,2015,193.5099945,18.91400146,91.32139736,6.499281296,1.929815904,0.2495054413,91.38641565,6.194005024,2.148529534,0.2710497959,91.04264868,7.808027061,0.9921814015,0.1571428571,71.9332155477032,29.4,18.5939
Vanuatu,2020,307.1499939,25.52500153,91.23119075,1.06238505,0.0,7.706424202,88.39720123,1.255132675,0.0,10.3476661,99.5,0.5,0.0,0,25.5689089417555,29.939,24.011
Jamaica,2020,2961.160889,56.31100082,91.0299445,5.367570914,1.864010203,1.738474379,85.39991216,8.490737371,2.568971895,3.540378574,95.39801591,2.944456223,1.317064322,0.34046355,260.428070175439,11.813,12.8298
Republic of Moldova,2020,4033.962891,42.84900284,90.56996224,1.519776762,7.910260997,0.0,85.48103812,1.52256302,12.99639886,0.0,97.35744448,1.516060408,1.126495111,0,,,14.4983
India,2020,1380004.375,34.9260025,90.48952503,4.983602562,3.963153945,0.5637184626,88.78250313,5.902210054,4.57637573,0.7389110856,93.6700363,3.272056027,2.820607523,0.2373001538,469.659566660725,16.572,32.3769
Bolivia (Plurinational State of),2015,10869.73242,68.39299774,90.46214101,0.1728983981,2.832457169,6.532503425,73.7401802,0.3399687838,5.911800536,20.00805048,98.18999708,0.0956888341,1.40937247,0.304941615,,,31.6415
Jamaica,2015,2891.023926,54.833004,90.41679629,5.407336603,2.169821217,2.006045893,84.5007099,8.401335753,3.055395678,4.042558671,95.28999024,2.941122015,1.440356529,0.3285312153,258.028162511542,14.123,15.0031
Morocco,2020,36910.55859,63.53199768,90.40234468,5.263549601,2.8776725,1.456433219,77.34612896,12.03707816,6.623063373,3.993729502,97.89674601,1.375477117,0.7277768759,0,82.2065247591306,17.889,18.7443
Peru,2015,30470.73828,77.35700226,90.28200304,0.9325834719,5.763626055,3.021787439,73.28762384,1.523040337,12.99206766,12.19726817,95.25638702,0.75975209,3.647808558,0.3360523291,23.99364296875,18.808,16.549
Oman,2015,4267.34082,81.34999847,90.23848564,8.208802788,1.473142599,0.0795689751,74.36690846,21.09767236,4.386731832,0.1486873508,93.87714508,5.253947929,0.8051838421,0.06372315036,13.5437027463651,21.316,11.1589
Pakistan,2020,220892.3281,37.16500092,90.14896508,3.822279525,4.413307574,1.61544782,88.59986076,3.852278117,5.174596509,2.373264617,92.76804985,3.771561162,3.126184571,0.3342044223,294.723875311333,27.967,65.476
Sri Lanka,2015,20908.02344,18.25600052,90.11102857,0.9128012935,6.761522893,2.214647247,88.25710614,1.016290258,8.017356135,2.709247463,98.41224652,0.4494138094,1.138339672,0,344.735220461118,15.886,8.7841
Nepal,2020,29136.80859,20.57600021,90.07454179,3.979825725,4.699081176,1.246551314,90.20327165,4.207348246,4.269023951,1.320356149,89.57763316,3.101581411,6.359123168,0.9616622585,204.734056505058,20.64,28.1944
Vanuatu,2015,271.1279907,24.96100235,89.98817649,1.05094321,1.545004807,7.415875488,86.97805066,1.234982464,1.904272063,9.882694813,99.03735599,0.4976751557,0.4649688531,0,22.6774405250205,32.42,27.2986
Pakistan,2015,199426.9531,36.02600098,89.45498234,3.65595302,4.42169119,2.467373447,87.15095676,3.956563839,5.236412879,3.656066523,93.54640884,3.122136433,2.974930389,0.35652434,273.673331776671,29.699,76.177
Cabo Verde,2020,555.9879761,66.65200043,88.76960642,7.904150846,3.209147716,0.1170950144,80.11452544,9.911127022,9.623217003,0.3511305397,93.1,6.9,0.0,0,144.575682382134,17.158,14.2212
Republic of Moldova,2015,4070.705078,42.48999786,88.5760319,1.485629517,9.938338582,0.0,82.54249075,1.470222482,15.98728677,0.0,96.7423994,1.506482861,1.751117739,0,,,15.7824
Marshall Islands,2020,59.19400024,77.79399109,88.57204698,11.387979,0.03997402585,0.0,94.42972,5.39028,0.18,0.0,86.9,13.1,0.0,0,241.183333333333,20.006,30.7217
Indonesia,2015,258383.25,53.31299973,88.52735296,0.7941305226,8.943859564,1.734656954,80.63079119,0.9740457315,14.98518808,3.409975001,95.44249176,0.6365760478,3.653376641,0.2675555532,137.996989644313,18.448,27.6826
Botswana,2015,2120.716064,67.15499878,88.44628953,8.41061416,1.578349601,1.564746708,71.89253383,21.78932755,1.854197906,4.463940709,96.54260258,1.867186166,1.443438497,0.1467727616,4.0674942212341,26.409,45.3729
Kyrgyzstan,2015,5959.125977,35.77700043,88.44176125,1.789935836,2.248062905,7.520240013,83.10521764,2.415973654,3.353168783,11.12563993,98.02134645,0.6661405372,0.2642965036,1.04821651,,,22.2693
Marshall Islands,2015,57.44400024,75.81099701,88.34252362,11.18141559,0.4760607918,0.0,94.27836,5.38164,0.34,0.0,86.44857737,13.03194895,0.5194736842,0,274.5,23.947,35.5104
India,2015,1310152.375,32.77700043,88.13813263,4.692599015,6.412451552,0.7568168039,85.57200035,5.542133893,7.880870004,1.004995751,93.40106461,2.950270954,3.4008428,0.2478216409,444.931708030768,18.765,43.5693
Nepal,2015,27015.0332,18.55699921,87.80846759,3.167904459,7.264208528,1.759419423,87.24197964,3.310271258,7.531317484,1.916431618,90.2946711,2.543084752,6.091920182,1.07032397,192.60777816533,22.05,35.5299
Ghana,2020,31072.94531,57.34899902,85.79099665,6.586062113,2.812216176,4.810725058,71.89275005,11.93454827,4.999356483,11.17334519,96.12725952,2.608342455,1.185613803,0.07878421819,141.431796706412,28.038,45.5024
Mongolia,2020,3278.291992,68.65699768,85.49562527,2.14642893,6.633366714,5.724579081,61.07075114,3.084170572,17.58078116,18.26429713,96.64596558,1.718335079,1.635699341,0,2.1151336184565,22.405,15.3529
Timor-Leste,2020,1318.442017,31.31999969,85.4956012,1.88586597,8.360029397,4.258503433,80.48779562,2.049364675,11.26233968,6.200500018,96.47695792,1.527338152,1.995703929,0,87.4240080699395,25.258,52.1612
Cabo Verde,2015,524.7399902,64.29999542,85.44334237,10.25307762,4.151948319,0.1516316911,72.83231411,16.37979458,10.43676077,0.3511305397,92.44511451,6.851463911,0.6625536281,0.0408679538,137.013895781638,19.181,19.7393
Gabon,2020,2225.728027,90.09200287,85.3419306,7.735263103,6.922808357,,44.74588901,10.51114859,44.7429624,,89.80653917,7.42998076,2.763480072,,8.89732215624636,27.695,41.0306
Lao People's Democratic Republic,2020,7275.556152,36.29000092,85.21974318,3.566857739,10.62886799,0.5845310938,78.47295942,5.598583786,15.0109696,0.9174871957,97.06426222,0.0,2.935737778,0,,,44.131
Senegal,2020,16743.92969,48.12200165,84.90523779,2.387217509,12.60781566,0.09972904042,75.2429282,4.052382433,20.51245174,0.1922376314,95.32170094,0.5920836567,4.086215402,0,85.3691372773074,33.034,40.1385
Namibia,2020,2540.916016,52.03300095,84.27003628,7.08762751,3.740143722,4.902192485,71.25616743,11.97218925,7.081803759,9.689839563,96.26696535,2.584758965,0.6596102638,0.4886654211,3.02335507536834,27.876,40.277
Gabon,2015,1947.689941,88.11799622,83.85848655,7.722430434,4.92418211,3.494900901,43.39003316,10.19264777,21.81093263,24.60638644,89.31533187,7.389341617,2.647139145,0.6481873668,7.87253851825979,31.036,50.4043
Morocco,2015,34663.60938,60.80899811,83.75113288,5.937188415,8.517881858,1.793796851,64.17252874,12.25581871,19.02957964,4.542072914,96.36941502,1.864872571,1.743161481,0.02255092798,77.7066054223616,20.307,23.6038
Myanmar,2020,54409.79297,31.14100075,83.71819191,1.595436949,5.10942478,9.576946362,78.42256469,2.316962142,6.592393694,12.66807947,95.42788606,0.0,1.830283006,2.741830931,81.8533071843351,17.363,43.2361
Mali,2020,20250.83398,43.90900421,82.54729103,3.854734527,12.24697135,1.35100309,72.08089521,3.78241223,21.72810084,2.408591717,95.91745475,3.947121723,0.1354235314,0,17.3940451896836,41.995,100.0584
Namibia,2015,2314.900879,46.90000534,82.52413515,7.275476154,4.416461411,5.783927281,70.14103138,11.72007222,7.614389637,10.52450676,96.54423562,2.243322298,0.7957798889,0.4166621911,2.77266090927863,30.394,46.2462
Tajikistan,2020,9537.641602,27.50599861,81.85241502,2.568363935,3.421857005,12.15736404,76.6435992,3.207143928,4.140706948,16.00854992,95.58062386,0.8848144763,1.527268323,2.007293339,68.7600475538583,27.53,32.4662
Nicaragua,2020,6624.554199,59.01200104,81.7087538,1.506645682,13.53053114,3.254069378,59.10744663,3.520974285,29.78017368,7.5914054,97.40695661,0.1075523143,2.244007656,0.2414834229,56.1400614924381,20.903,14.0348
Nicaragua,2015,6223.233887,57.89499664,81.35312854,1.425927388,13.835759,3.38518507,59.50465784,3.238961865,29.55960602,7.696774271,97.24275488,0.1073710103,2.400356622,0.2495174846,52.3400199434934,22.797,18.7842
Gambia,2020,2416.664063,62.58199692,80.94040714,8.597391391,10.35285207,0.1093493927,69.18852321,16.49783239,14.24376547,0.0698789368,87.96690427,3.873689522,8.026457278,0.1329489253,,,49.6326
Mongolia,2015,2998.433105,68.22999573,80.81301209,3.905181378,7.578644581,7.70316195,52.09388801,5.33358915,18.71864336,23.85387948,94.18552724,3.240070405,2.391515544,0.1828868106,1.90382964798196,26.352,19.427
Comoros,2019,850.8909912,29.16400146,80.21049781,10.86041131,8.929090888,,76.91172345,11.56864724,11.51962931,,88.22284558,9.140188495,2.29677513,0.340190797,425.032778076303,30.4,53.0729
Ghana,2015,27849.20313,54.08599854,80.15796123,7.89759919,4.426643676,7.517795899,67.20830477,11.1534648,6.335259242,15.30297119,91.15101984,5.133670929,2.806405888,0.9089033445,126.882917289268,31.713,55.3735
Comoros,2015,777.4349976,28.47000122,80.13200008,10.877265,8.395193432,0.5955414912,76.91172345,11.56864724,10.82245445,0.6971748583,88.22284558,9.140188495,2.29677513,0.340190797,392.378291241268,32.147,61.2489
Gambia,2015,2085.860107,59.22800064,79.2101665,9.073370006,11.62401462,0.09244887038,68.25489257,15.34008454,16.32238996,0.08263292471,86.75167126,4.759421567,8.389701102,0.0992060715,,,60.0933
Senegal,2015,14578.4502,45.86200333,78.60209362,3.392145635,17.59491318,0.4108475646,65.94120156,5.253411854,28.07919255,0.7261940369,93.54769776,1.195005973,5.218700794,0.03859547379,74.5659429699268,35.357,51.0031
Sao Tome and Principe,2020,219.1609955,74.35400391,78.22645516,20.23798298,0.4435199284,1.09204193,74.30061449,19.71184258,1.729405704,4.258137228,79.5805429,20.4194571,0.0,0,227.751041666667,28.435,16.1937
Kiribati,2020,119.4459991,55.59399796,77.97092085,4.076899625,17.95217953,0.0,60.99418489,2.096609799,36.90920532,0.0,91.53117485,5.658666461,2.810158691,0,156.127160493827,27.645,49.8044
Nigeria,2020,206139.5938,51.95800018,77.60905338,4.979399343,11.79691148,5.614635794,61.65821003,7.128924583,20.92487535,10.28799004,92.35770519,2.99188065,3.356908786,1.29350537,228.737667028997,37.467,113.8195
Lao People's Democratic Republic,2015,6741.160156,33.10799789,77.46057221,3.052340334,14.22792235,5.259165108,70.23968655,4.170293363,18.20222139,7.387798694,92.04977998,0.793607849,6.198176795,0.9584353711,,,53.7391
Sao Tome and Principe,2015,199.4389954,70.1740036,77.12422979,18.34430682,1.859577121,2.671886269,71.28271664,17.07304495,4.118479256,7.525759155,79.607041,18.88462966,0.8994805634,0.6088487774,209.504166666667,32.754,23.2759
Tajikistan,2015,8454.018555,26.74200058,76.23949551,3.050011091,3.944733748,16.76575965,69.55218206,3.681021887,4.857485512,21.90931054,94.55895539,1.321396987,1.444318955,2.675328663,61.416982491534,31.228,37.4196
Djibouti,2020,988.0020142,78.06199646,76.04992021,14.7574817,7.015876051,2.176722038,47.28073293,12.06161014,30.73550468,9.922152249,84.13501493,15.51511107,0.3498740029,0,47.0300258843831,22.477,55.9509
Djibouti,2015,913.9979858,77.41699219,75.78704503,14.75417119,7.39492395,2.063859825,48.75920509,12.43877762,30.37700254,8.425014754,83.67122985,15.42958572,0.6909116479,0.2082727854,43.4106557377049,23.889,65.6322
Liberia,2020,5057.676758,52.08899689,75.26179159,8.700657475,3.488080869,12.54947006,64.10021689,6.537775797,3.383709875,25.97829744,85.52810963,10.69005698,3.58408039,0.1977530006,52.8196013289037,31.708,78.2949
Timor-Leste,2015,1196.293945,29.48999977,75.25010371,3.486316247,16.46074672,4.802833323,68.95938975,4.20850771,20.19524109,6.63686145,90.29108123,1.759571234,7.5316383,0.4177092401,81.0903160726294,27.7,61.5669
Afghanistan,2020,38928.33984,26.02599907,75.09141325,1.447541688,14.56026288,8.900782174,66.32791521,1.956824851,19.68294895,12.03231098,100.0,0.0,0.0,0,59.7522806371985,36.051,57.7978
Mali,2015,17438.77148,39.99099731,74.39951222,4.171846453,19.37992934,2.048711981,63.39571403,4.449382415,28.94484164,3.21006192,90.91140553,3.755386657,5.027173979,0.306033834,14.8443332595743,44.342,115.6375
Kiribati,2015,110.927002,51.61899948,73.84809659,2.340891569,23.81101184,0.0,57.92225259,1.639587928,40.43815948,0.0,88.774932,2.998203296,8.226864706,0,144.082716049383,29.188,57.5352
Congo,2020,5518.091797,67.82900238,73.78451158,10.46117203,9.559180722,6.195135664,45.72441318,10.6323901,24.40516973,19.23802699,87.09329616,10.37996439,2.517789997,0.008949452055,,,44.5228
Myanmar,2015,52680.72266,29.8579998,73.5874705,6.835532269,8.269037119,11.30796011,67.24961354,8.042280354,10.1459869,14.56211921,88.47627629,4.000656379,3.859732696,3.663334632,78.832530470999,18.402,51.786
Liberia,2015,4472.229004,49.81999969,72.56979194,7.364422679,6.537233844,13.52855154,61.26318196,5.126042294,7.524148785,26.08662696,83.95810401,9.618977705,5.54318741,0.8797308764,47.8854754983389,34.215,88.3241
Lesotho,2020,2142.251953,29.02799988,72.17603927,10.40592597,12.21725464,5.200780116,63.65035482,13.55843013,15.73132479,7.059890254,93.02090855,2.698211997,3.625530038,0.65534942,74.2457180500659,26.378,75.4902
Mauritania,2020,4649.660156,55.32699585,71.68104923,13.47689193,14.82032681,0.02173203433,49.9113389,18.49039689,31.5496173,0.04864690722,89.25869465,9.428808083,1.31249727,0,4.36461045891142,33.427,41.8271
Cambodia,2020,16718.9707,24.23200035,71.21988497,13.90222204,5.677218558,9.200674434,65.06715583,15.51772278,7.492899307,11.92222209,90.45807717,8.85091472,0.0,0.6910081144,92.8895309313392,19.849,25.7905
Congo,2015,4856.092773,65.54299927,71.14958177,10.51052605,11.66204631,6.677845876,41.39183594,10.73957265,28.50184871,19.36674269,86.79370516,10.390113,2.809090742,0.00709109589,,,52.7802
Eswatini,2020,1160.16394,24.17100143,70.75307095,9.507067163,9.835567931,9.904293959,62.46644874,12.29969513,12.45046093,12.78339519,96.74976305,0.7460644731,1.632164244,0.8720082294,68.6427325581395,24.615,56.1649
Lesotho,2015,2059.010986,26.90800095,70.5456894,10.86331049,14.5343829,4.056617208,63.42088315,13.04933941,18.16490493,5.364872511,89.89927614,4.925254235,4.672553616,0.502916007,69.7800065876153,28.305,82.4855
Malawi,2020,19129.95508,17.42700005,70.04772851,21.95081497,5.776304407,2.22515211,66.58504376,24.41415803,6.383874146,2.616924066,86.45469821,10.27894825,2.897503996,0.3688495446,205.526739499364,33.233,43.5096
Solomon Islands,2015,603.1329956,22.3599987,69.32991889,5.705267634,18.98898125,5.975832221,63.01213819,6.338468203,23.28459564,7.364797966,91.26697205,3.506623017,4.073439607,1.152965328,21.8885316184352,32.928,22.7717
Nigeria,2015,181137.4531,47.83799744,68.77975546,6.713550996,14.73376246,9.772931086,53.492449,7.106440271,23.1071601,16.29395062,85.44885832,6.285149056,5.603506118,2.662486501,202.022228444064,39.51,126.4126
Togo,2020,8278.737305,42.79999924,68.58372009,6.065434765,14.16432245,11.18652269,52.11755275,8.187542019,20.7910842,18.90382103,90.58991001,3.229348056,5.307990528,0.8727514049,155.223018937305,32.302,64.6148
Cambodia,2015,15521.43457,22.18799973,68.44384896,8.603248193,9.602994817,13.34990803,62.71111668,9.432045638,11.75089596,16.10594172,88.54819144,5.696703472,2.070445687,3.6846594,87.3415080444142,22.343,31.7461
Solomon Islands,2020,686.8779907,24.67000008,67.30102554,5.79547831,21.26784313,5.635653025,59.40526749,6.528523649,26.955911,7.110297857,91.41077689,3.557120425,3.899286137,1.132816553,24.6942122186495,30.223,19.3923
Mauritania,2015,4046.303955,51.0890007,66.9733094,14.81165357,17.63702375,0.5780132824,46.69284218,18.20063085,33.9247615,1.181765464,86.38918859,11.56715369,2.043657719,0,3.82867953817794,35.18,48.9426
Eswatini,2015,1104.037964,23.29999924,66.70395522,8.767617333,10.89011026,13.63831719,58.1249849,11.1820493,13.43987898,17.25308683,94.94460013,0.8196803222,2.496665561,1.73905399,65.926511627907,27.737,64.425
Haiti,2020,11402.5332,57.08799744,66.6953084,9.814543652,23.49014795,0.0,42.8457001,13.25598695,43.89831295,0.0,84.62262129,7.227673879,8.149704835,0,410.261284470247,23.936,60.5058
Malawi,2015,16745.30469,16.31299973,66.15495914,19.71603831,10.55451427,3.574488277,62.24060864,21.69810966,11.87522028,4.186061413,86.23587985,9.547849488,3.779202335,0.4370683245,179.666334323292,35.767,56.6404
Cameroon,2020,26545.86328,57.56000519,65.72041818,12.87474863,15.00100626,6.403826927,43.52758112,12.67259943,30.12380645,13.676013,82.08358486,13.02379677,3.850701351,1.041917019,56.040885532356,35.507,72.4232
Benin,2020,12123.19824,48.4149971,65.41412299,9.317535586,21.97254088,3.295800547,58.05226799,12.70520504,23.97796833,5.264558634,73.25800004,5.708056353,19.83580681,1.198136794,112.12418410784,37.114,86.0343
Zambia,2020,18383.95508,44.6289978,65.41238357,6.15393902,21.57684071,6.856836706,48.22728833,8.331703613,31.60865444,11.83235362,86.73385466,3.451996194,9.130414105,0.6837350463,25.4613527219898,34.953,59.6699
Zimbabwe,2015,13 815,32.0,65.0,12.0,16.0,7.0,51.0,16.0,23.0,10.0,94.0,4.0,2.0,<1,36.5902468657102,33.96,60.4718
Zimbabwe,2015,13814.6416,32.38499832,64.95492911,12.45676477,15.89884206,6.689464055,51.25006071,16.39672658,22.51446862,9.838744088,93.56863574,4.23071973,2.086401773,0.1142427564,36.5902468657102,33.96,60.4718
Benin,2015,10575.96191,45.69500351,64.7868223,8.715470654,21.29846434,5.199242713,56.78435247,11.70337067,23.77497857,7.737298286,74.29714256,5.164581154,18.35531753,2.182958756,96.9562167435261,39.022,97.8706
Equatorial Guinea,2017,1262.008057,71.64599609,64.66581606,2.957999225,26.03770633,6.338478386,30.77536932,1.353579774,46.28605636,21.58499455,78.07800598,3.592950383,18.02439455,0.3046490909,51.7181461675579,33.507,87.6163
Haiti,2015,10695.54004,52.42699814,64.56748594,9.21848701,25.47783945,0.7361875961,42.41641805,12.22889789,43.80719375,1.547490317,84.66767913,6.486797483,8.845523388,0,383.300326560232,25.51,70.128
Equatorial Guinea,2015,1168.574951,70.61600494,64.17860165,2.934933836,26.32879888,6.557665631,30.77536932,1.353579774,46.28605636,21.58499455,78.07800598,3.592950383,18.02439455,0.3046490909,48.0204278074866,35.229,93.7371
Cameroon,2015,23298.37695,54.57799911,63.97399012,11.23827056,17.65135833,7.136380984,42.00566921,11.07338641,32.39404459,14.52689979,82.25690791,11.37549377,5.381903513,0.9856948028,48.6823760868186,37.807,88.1203
Guinea,2020,13132.79199,36.875,63.96178874,21.2815915,6.296119406,8.460500354,50.74817899,26.14432944,9.704719143,13.40277243,86.58169007,12.95724153,0.461068398,0,53.7406519615823,34.944,101.5627
Sierra Leone,2020,7976.984863,42.92300034,63.76628562,9.023316357,15.5639457,11.64645233,52.75270267,5.221136889,23.14294909,18.88321135,78.41163766,14.07927743,5.485735437,2.023349475,114.075505680244,31.914,108.5225
Togo,2015,7323.162109,40.09999847,63.63712635,5.665767965,17.17891539,13.51819029,47.24218328,7.334652284,23.47003618,21.95312825,88.1273297,3.172845838,7.781455041,0.9183694177,137.400790586505,34.392,75.9262
Guinea,2015,11432.0957,35.14099884,63.61538954,16.09025603,9.757980444,10.53637399,51.94915534,18.76062978,13.30971721,15.98049768,85.14750769,11.16160263,3.202620418,0.4882692651,47.3140078137718,37.891,112.6136
Mozambique,2020,31255.43555,37.0739975,63.36942563,9.975784507,16.72614511,9.928644759,48.8666865,12.64088359,23.6862564,14.80617352,87.98504792,5.452291027,4.912684644,1.649976404,39.6478025890791,36.974,71.6371
Zimbabwe,2020,14 863,32.0,63.0,14.0,16.0,7.0,48.0,19.0,23.0,10.0,93.0,5.0,2.0,<1,40.5057929430012,31.009,51.7696
Zimbabwe,2020,14862.92676,32.24200058,62.66645761,14.1975397,16.27785545,6.858147242,48.28242885,18.59098467,23.01364655,10.11293992,92.89512895,4.964517757,2.122298674,0.01805461538,40.5057929430012,31.009,51.7696
Burundi,2020,11890.78125,13.70800018,62.20712225,19.43969314,14.75825969,3.594924913,57.68576527,21.25148213,16.89675238,4.166000219,90.66911086,8.034462869,1.296426269,0,475.865537383178,35.603,54.6112
Kenya,2020,53771.30078,27.99499893,61.63289158,9.54187005,9.780087524,19.04515084,51.77997893,11.56900419,12.51911322,24.13190366,86.97523145,4.327944725,2.73514263,5.961681193,91.3409354464631,27.998,38.5726
Afghanistan,2015,34413.60156,24.8029995,61.33978081,3.511199514,22.16878383,12.98023585,52.98850202,3.861136617,26.55326757,16.59709379,86.65894072,2.450270561,8.876035732,2.014752987,51.7509145546816,38.803,70.1723
Zambia,2015,15879.37012,41.9070015,61.33874628,5.65391723,23.3359001,9.671436392,43.61683432,7.210864868,33.25721949,15.91508132,85.90549729,3.495619671,9.582613847,1.016269193,21.8569391571046,37.832,68.2222
United Republic of Tanzania,2020,59734.21484,35.22700119,60.71679759,11.29007067,14.51775136,13.47538038,45.44696534,13.98368881,21.21996133,19.34938452,88.7939249,6.337231166,2.194178786,2.674665152,,,48.9965
Yemen,2020,29825.96875,37.90799713,60.66356984,28.9627418,7.77785276,2.595835594,50.68133437,33.53021373,11.60782393,4.180627978,77.01412934,21.48137937,1.504491286,0,,,59.6857
Sudan,2020,43849.26953,35.25299835,60.4486756,26.67001975,3.650217875,9.231086774,53.19902707,27.45764451,5.637660008,13.70566842,73.76365956,25.22343986,0.0,1.012900581,23.7904100642398,34.226,56.5847
Rwanda,2020,12952.20898,17.43200111,60.41450115,22.3207193,13.15480415,4.109975401,55.64246823,25.08014133,14.77886772,4.498522714,83.0175993,9.250506251,5.462303057,2.269591394,532.888609647345,30.309,40.6806
Burundi,2015,10160.03418,12.07800007,59.58146925,19.53889184,14.86499258,6.01464634,55.55826691,21.16679557,16.59414457,6.680792951,88.86843759,7.688539534,2.277601866,1.165421012,417.723831775701,41.321,67.8639
Guinea-Bissau,2020,1967.998047,44.19599915,59.01691221,14.03457137,26.6263769,0.3221395192,49.8319053,9.285773026,40.31645129,0.5658703845,70.61434791,20.03063358,9.340625284,0.01439322693,71.6866287339972,31.605,76.9771
Sudan,2015,38902.94922,33.89400101,58.95025332,26.11181598,5.635847128,9.302083569,51.70743773,26.68778964,8.122567512,13.48220513,73.07645757,24.98845154,0.7858106217,1.14928027,20.4342494646681,36.413,66.0482
Guinea-Bissau,2015,1737.207031,42.12299728,58.76434762,10.59149221,29.74437907,0.8997810926,48.42273005,7.566280361,42.58264827,1.428341318,72.97373122,14.7481336,12.10459589,0.173539289,63.6173186344239,35.519,91.845
Kenya,2015,47878.33984,25.65799904,58.19692798,8.796753977,11.52291835,21.48339969,48.27216191,10.37313934,14.21683468,27.13786408,86.95314792,4.22930427,3.717504383,5.100043429,82.3197947780862,30.957,45.8623
Sierra Leone,2015,7171.90918,40.82899857,57.84746516,8.196957957,15.91095456,18.04462232,45.52971384,4.840494472,21.71696143,27.91283027,75.69883758,13.06127759,7.496659761,3.743225068,101.340717650319,34.558,140.9776
Angola,2020,32866.26953,66.82499695,57.16773762,9.287349919,19.45082534,14.09408712,27.80822661,8.740488389,22.93315258,40.51813242,71.74314862,9.558837489,17.72203473,0.9759791629,26.8135766423358,39.271,72.0743
Rwanda,2015,11369.06641,17.00399971,57.12177402,22.15404615,13.45013172,7.27404811,52.35270956,24.60883866,14.98060354,8.057848241,80.39943738,10.17228262,5.979935166,3.448344828,471.948074584516,31.833,47.7379
Somalia,2020,15893.21875,46.14099884,56.47697339,27.70419956,13.41704303,2.401784021,37.07586282,36.64324958,21.82149546,4.459392143,79.12330574,17.26991556,3.606778703,0,26.3605317690567,44.007,114.8857
Uganda,2020,45741,24.95400047,55.85504921,27.28286,12.16590654,4.696184252,48.23118958,31.78469426,14.07616061,5.907955546,78.7828518,13.74416783,6.421044133,1.051936238,221.447292040694,37.252,43.6735
Yemen,2015,26497.88086,34.77700043,55.77886863,26.0356066,14.70974567,3.475779098,44.95826816,28.79461102,21.10381293,5.143307896,76.0725119,20.86119401,2.717904704,0.3483893924,,,60.7858
Angola,2015,27884.38086,63.44599533,54.31692835,11.36861866,17.37235635,16.94209664,26.7143694,9.931069288,21.72530762,41.62925369,70.21996512,12.19685349,14.86443147,2.718749921,22.5617397930537,42.02,88.339
Madagascar,2020,27691.01953,38.5340004,53.38588491,2.71797298,32.31145967,11.58468244,36.40642028,1.601776163,43.95389345,18.03791011,80.47000694,4.498430298,13.74049434,1.291068417,48.5135390168443,31.343,66.119
United Republic of Tanzania,2015,51482.63672,31.61700058,52.96379459,11.30893693,21.38524788,14.3420206,38.86342456,13.19289824,28.1932841,19.75039311,83.4608554,7.234201128,6.6604503,2.644493171,,,58.0206
Eritrea,2016,3376.558105,38.82699966,51.84972018,17.59725585,13.45014014,17.10288384,27.80157647,24.49842353,20.075,27.625,89.73822453,6.724275474,3.0125,0.525,27.7944964140683,29.91,44.8544
Eritrea,2015,3342.818115,38.20600128,51.46509353,17.70763334,13.55609825,17.27117488,27.80157647,24.49842353,20.075,27.625,89.73822453,6.724275474,3.0125,0.525,27.5831182535293,30.417,46.3929
Mozambique,2015,27042.00195,34.40000153,51.17617521,10.3714084,26.51349315,11.93892324,35.97137876,12.36707992,34.81487395,16.84666736,80.17136583,6.565709571,10.68295442,2.579970181,34.1352094407284,38.797,84.0206
Burkina Faso,2015,18110.61523,27.53000069,50.13713109,25.67354095,22.43017891,1.759149043,38.8551637,30.20218489,28.6486943,2.293957106,79.83579216,13.75233459,6.060553432,0.3513198178,68.4138121345029,40.088,101.0893
Ethiopia,2020,114963.5859,21.69499969,49.61557274,26.74071964,18.63506013,5.008647486,40.03013919,30.18668334,23.49561327,6.287564203,84.21282816,14.30300858,1.091582355,0.392580896,103.840062771756,32.78,48.749
Madagascar,2015,24234.08008,35.19299698,48.89177354,2.67716038,30.40673651,18.02432957,33.14457773,1.743479446,39.69799969,25.41394313,77.88983072,4.396509873,13.29711369,4.416545719,42.713839807494,32.765,65.9598
Somalia,2015,13797.2041,43.24500275,48.71115368,23.40618776,20.15410676,7.728551789,29.2281926,28.88714853,28.97578886,12.90887001,74.28070864,16.21294199,8.576478283,0.9298710922,21.9401058437211,46.474,134.4741
Uganda,2015,38225.44531,22.05999947,47.84155836,30.09540377,15.10676845,6.95626942,39.71700313,34.1765633,17.51911722,8.587316348,76.54635609,15.67629339,6.58371928,1.193631242,186.900837821664,39.422,55.9756
Burkina Faso,2020,20903.27734,30.60700035,47.21485446,31.2730034,21.15863263,0.3535095024,32.7182589,38.62690254,28.3404457,0.3143928626,80.08191854,14.60004919,4.875836487,0.4421957805,78.6645687134503,36.085,85.3508
Niger,2020,24206.63672,16.62599945,46.91179747,21.6538987,27.02751244,4.406791392,39.15415932,23.98774039,31.99150648,4.866593813,85.81383976,9.950440829,2.13468778,2.101031634,19.2102620983658,45.588,116.3172
Chad,2020,16425.85938,23.52000046,46.18753479,14.74028929,31.56245714,7.509718784,37.57521525,14.35396111,38.52496761,9.545856027,74.19222309,15.99651381,8.922452721,0.8888103843,13.2184728398983,43.849,110.5266
Democratic Republic of the Congo,2020,89561.40625,45.63800049,45.95212696,13.44122447,32.54231607,8.064332495,21.98279234,12.68294146,51.21598167,14.11828453,74.50335478,14.34445818,10.29905862,0.8531284131,,,81.6798
Niger,2015,20001.66211,16.24699974,45.48245806,16.12883696,34.71956001,3.669144972,37.32994165,17.64359486,40.88848775,4.137975751,87.50853904,8.320286196,2.918844344,1.252330425,15.8902060472093,46.558,120.1644
Papua New Guinea,2020,8947.027344,13.34500027,45.34401752,2.128564452,22.15762495,30.36979308,39.07134367,2.429850293,24.43180086,34.06700517,86.07527164,0.1721822608,7.390385564,6.362160532,21.5290376716866,25.996,44.1722
Chad,2015,14110.9707,22.5150013,44.39909697,13.51638311,34.70273994,7.381779982,35.57890074,13.87641398,41.26615647,9.278528806,74.75365178,12.27734182,12.11485643,0.8541499715,11.2295695679797,46.367,129.491
Democratic Republic of the Congo,2015,76244.53125,42.73999786,42.71817997,12.68729907,34.28402477,10.31049619,20.6225138,11.51689397,51.00984003,16.8507522,72.32037779,14.25532498,11.87596826,1.548328967,,,96.4925
Central African Republic,2015,4493.170898,40.27700043,42.31134542,21.34399718,32.01017408,4.334483318,31.89140779,17.35785358,43.70260925,7.048129392,57.76209901,27.25467806,14.67255123,0.310671709,7.73593534302867,41.044,115.5349
Ethiopia,2015,100835.4531,19.4280014,42.0700672,21.73879027,24.47785615,11.71328639,32.45176743,23.5985521,29.78155581,14.16812467,81.95917654,14.02596733,2.482299691,1.532556439,90.8004623211398,33.428,62.3717
Papua New Guinea,2015,8107.771973,13.01200008,41.48550844,1.80995308,21.261052,35.44348648,34.990633,1.804724433,23.25354875,39.95109382,84.90514306,1.844907912,7.940776435,5.309172598,19.1718721017533,28.178,51.0885
South Sudan,2015,10715.65723,18.85199928,41.24750946,30.69573713,13.55439295,14.50236045,36.72677973,32.66279967,14.31006538,16.30035522,60.70687736,22.22855395,10.30163914,6.762929552,17.714460462393,36.325,98.6896
South Sudan,2020,11193.72852,20.1989994,40.95092717,37.42696287,13.53755519,8.084554762,33.59362881,42.16438068,14.11109616,10.13089435,70.01770445,18.71066092,11.27163464,0,16.7838637190828,29.166,98.6896
Central African Republic,2020,4829.76416,42.19799805,37.20240205,25.68237348,33.53911377,3.576110708,28.10659415,19.4058899,46.37307301,6.114442944,49.66166495,34.27978009,15.95940214,0.09915281712,8.5765514141706,42.175,103.0456
